Number of Nodes,Number of edges,Time(seconds)
5,7,0.000121
6,9,0.000119
5,12,0.000737
10,50,0.000662
20,100,0.00065
50,150,0.00041
50,500,0.005523
50,1000,0.021986
100,500,0.010732
100,1000,0.010194
100,2000,0.14649
100,4000,0.192698
1000,10000,4.28326
1000,50000,53.4367
1000,75000,224.937
5000,10000,0.187918
5000,100000,