Number of edges,Time(seconds)
7,0.000121
9,0.000119
12,0.000737
100,0.00065
150,0.00041
250,0.000666
500,0.005523
750,0.020507
1000,0.021986
2000,0.14649
3000,0.105833
4000,0.192698
5000,0.566713
10000,1.70653
25000,6.44955
50000,16.7422
100000,59.4595
75000,224.937
50000,267.947
15000,0.409605